Method,FeatureSet,ClustersFound,NoisePoints,Silhouette,DaviesBouldin,CalinskiHarabasz
KMeans,RFM,4,0,0.3321492588548655,1.0109377720976167,3235.226227656176
KMeans,Extended,4,0,0.2512747424936582,1.2808840736777667,1880.0359095287477
Hierarchical,Extended,4,0,0.19620126973407584,1.372656208495917,1494.5141351182576
DBSCAN,Extended,2,566,0.37315449841731874,1.0529323724674395,2548.1108582349857
