Cluster,Customer ID,Recency,Frequency,Monetary,AvgOrderValue,UniqueProducts,PurchaseSpan,PurchaseRate,ActivityScore
-1,15573.175824175823,96.83241758241758,4.2554945054945055,2392.485442307692,5.525083021083873,33.417582417582416,90.48626373626374,0.7141874070570773,939.3298912087913
0,15353.764876632802,153.56676342525398,1.0,312.36066981132075,5.462184226988586,21.54281567489115,1.0,1.0,94.6309152394775
1,15315.181322957198,56.9147859922179,6.336964980544747,2930.2356303501947,5.748893086886635,90.50272373540857,212.05603112840467,0.03595953131430974,1163.2460809338522
