Cluster,Customer ID,Recency,Frequency,Monetary,AvgOrderValue,AvgQtyPerInvoice,UniqueProducts,PurchaseSpan
-1,15313.556537102473,90.7720848056537,9.162544169611307,6874.482800353358,666.8257248203122,659.4322518443604,67.90459363957598,130.91519434628975
0,15406.977726574502,152.9231950844854,1.022273425499232,314.80434101382485,308.4933847926267,188.8079877112135,22.912442396313363,0.01152073732718894
1,15326.83387888707,58.36743044189853,5.194762684124386,1853.9978547463177,348.70925552767716,197.92716233602152,84.36006546644845,206.09206219312603
