Method,FeatureSet,Clusters,NoisePoints,Silhouette,DaviesBouldin,CalinskiHarabasz
KMeans,RFM,4,0,0.34468428464045603,1.0034130229391174,3659.835761344001
KMeans,Extended,4,0,0.3172886350913479,1.1476388405133455,3055.2416840807446
Hierarchical,Extended,4,0,0.295942837960669,1.1821406964085663,2882.590670145638
DBSCAN,Extended,2,364,0.4758552456227627,0.8373504013867292,4318.948415567465
